user_id,shop_id,time_stamp,longitude,latitude,mall_id
u_83511,s_824128,"2017/8/26 11:40",122.347104,31.835039,m_690
u_110841,s_9147,"2017/8/26 18:50",122.346561,31.834166,m_690
u_110841,s_9147,"2017/8/26 18:50",122.346533,31.834125,m_690
u_110841,s_149642,"2017/8/26 18:40",122.346942,31.834575,m_690
u_203423,s_149642,"2017/8/26 8:50",122.346946,31.834566,m_690
u_253001,s_3992938,"2017/8/26 16:10",122.346669,31.834361,m_690
u_260515,s_71589,"2017/8/26 19:30",122.346781,31.833676,m_690
u_450508,s_850768,"2017/8/26 12:10",122.347684,31.833951,m_690
u_533189,s_2000157,"2017/8/26 13:20",122.347321,31.834881,m_690
u_716865,s_266675,"2017/8/26 14:30",122.346664,31.834744,m_690
u_915205,s_172852,"2017/8/26 12:50",122.34658,31.834893,m_690
u_915205,s_172852,"2017/8/26 12:50",122.346592,31.834897,m_690
u_964206,s_3697,"2017/8/26 11:20",122.346477,31.834384,m_690
u_1449910,s_43301,"2017/8/26 15:10",122.347233,31.834153,m_690
u_1449910,s_2265,"2017/8/26 13:10",122.34627,31.834708,m_690
u_1449910,s_1217813,"2017/8/26 14:40",122.34669,31.834814,m_690
u_1537185,s_1425466,"2017/8/26 16:30",122.346299,31.834764,m_690
u_1673558,s_43301,"2017/8/26 19:40",122.34744,31.833858,m_690
u_1702977,s_1091614,"2017/8/26 20:30",122.346523,31.83441,m_690
u_1702977,s_287617,"2017/8/26 20:40",122.346468,31.834292,m_690
u_1914673,s_43301,"2017/8/26 12:50",122.347213,31.833989,m_690
u_2083759,s_3806668,"2017/8/26 13:30",122.346485,31.833866,m_690
u_2127169,s_389825,"2017/8/26 18:20",122.346887,31.834533,m_690
u_2175298,s_298312,"2017/8/26 18:30",122.346099,31.834866,m_690
u_2417166,s_9147,"2017/8/26 13:20",122.346496,31.834186,m_690
u_2695799,s_304431,"2017/8/26 11:00",122.346171,31.835125,m_690
u_2744610,s_555720,"2017/8/26 12:00",122.346476,31.834404,m_690
u_2744610,s_75575,"2017/8/26 15:10",122.34693,31.833966,m_690
u_3012141,s_82862,"2017/8/26 19:50",122.346718,31.834971,m_690
u_3352644,s_3836242,"2017/8/26 17:10",122.347936,31.835387,m_690
u_3521590,s_517730,"2017/8/26 17:50",122.315061,31.822038,m_690
u_4393158,s_131895,"2017/8/26 18:20",122.346967,31.833773,m_690
u_4440903,s_3221,"2017/8/26 18:40",122.346995,31.833712,m_690
u_4680547,s_1425466,"2017/8/26 17:30",122.346099,31.834302,m_690
u_6899809,s_2258,"2017/8/26 11:50",122.346107,31.834153,m_690
u_6899809,s_2258,"2017/8/26 10:50",122.346107,31.834153,m_690
u_6899809,s_2258,"2017/8/26 10:50",122.347631,31.835441,m_690
u_6899809,s_2258,"2017/8/26 11:50",122.347631,31.835441,m_690
u_6899809,s_3836242,"2017/8/26 11:50",122.347779,31.835311,m_690
u_6974777,s_149642,"2017/8/26 9:10",122.346943,31.834568,m_690
u_8491605,s_1587,"2017/8/26 18:40",122.346885,31.834681,m_690
u_8938689,s_1091614,"2017/8/26 10:40",122.346529,31.834247,m_690
u_9030198,s_221357,"2017/8/26 19:30",122.346692,31.83446,m_690
u_9030198,s_555720,"2017/8/26 19:30",122.346481,31.834402,m_690
u_9876895,s_544982,"2017/8/26 11:20",122.346603,31.83513,m_690
u_10233600,s_9147,"2017/8/26 20:00",122.346551,31.834215,m_690
u_10329138,s_287617,"2017/8/26 16:10",122.346466,31.834297,m_690
u_10762434,s_149642,"2017/8/26 9:20",122.346954,31.834525,m_690
u_10762434,s_398375,"2017/8/26 12:40",122.347753,31.833883,m_690
u_11103379,s_3975589,"2017/8/26 21:00",122.346985,31.834066,m_690
u_11280733,s_3975589,"2017/8/26 13:40",122.347227,31.834184,m_690
u_11280733,s_3975589,"2017/8/26 13:40",122.341336,31.85499,m_690
u_11363996,s_15012,"2017/8/26 10:20",122.346484,31.834249,m_690
u_11526581,s_3911669,"2017/8/26 17:50",122.346785,31.833589,m_690
u_11526581,s_3911669,"2017/8/26 17:50",122.346582,31.833778,m_690
u_11562419,s_221357,"2017/8/26 19:20",122.346691,31.834379,m_690
u_11870859,s_217698,"2017/8/26 13:10",122.34656,31.834246,m_690
u_12217822,s_75575,"2017/8/26 13:00",122.34694,31.833998,m_690
u_12269504,s_259411,"2017/8/26 13:00",122.346147,31.834015,m_690
u_12287816,s_3737251,"2017/8/26 11:40",122.346692,31.834394,m_690
u_12298716,s_3836242,"2017/8/26 21:30",122.347671,31.835409,m_690
u_12689189,s_633878,"2017/8/26 20:40",122.34742,31.833785,m_690
u_12777939,s_211875,"2017/8/26 11:50",122.347272,31.83495,m_690
u_12891644,s_3737251,"2017/8/26 18:00",122.346816,31.834446,m_690
u_13414626,s_298312,"2017/8/26 17:40",122.346668,31.834976,m_690
u_13523870,s_287617,"2017/8/26 14:20",122.346469,31.83429,m_690
u_14807097,s_2038606,"2017/8/26 12:40",122.346879,31.834521,m_690
u_15897132,s_3345001,"2017/8/26 13:20",122.346946,31.834805,m_690
u_15897132,s_3345001,"2017/8/26 13:20",122.346993,31.834936,m_690
u_16141688,s_217698,"2017/8/26 15:20",122.346538,31.834183,m_690
u_16294293,s_2258,"2017/8/26 21:10",122.346243,31.834644,m_690
u_16576533,s_3609851,"2017/8/26 17:10",122.34759,31.834022,m_690
u_16727879,s_43301,"2017/8/26 17:10",122.347236,31.834158,m_690
u_17332061,s_1203375,"2017/8/26 19:30",122.346647,31.833707,m_690
u_17628321,s_416299,"2017/8/26 16:00",122.347428,31.835193,m_690
u_17797898,s_3836242,"2017/8/26 16:40",122.347654,31.835458,m_690
u_18022727,s_304431,"2017/8/26 19:10",122.346215,31.834689,m_690
u_18386147,s_511059,"2017/8/26 17:00",122.346501,31.834418,m_690
u_18386147,s_2265,"2017/8/26 19:30",122.346281,31.834717,m_690
u_18800670,s_824128,"2017/8/26 17:00",122.346727,31.834902,m_690
u_18800670,s_1425466,"2017/8/26 17:30",122.346131,31.834086,m_690
u_18800670,s_149642,"2017/8/26 17:40",122.346786,31.834457,m_690
u_19009997,s_43301,"2017/8/26 18:40",122.34746,31.833854,m_690
u_19107871,s_2258,"2017/8/26 13:50",122.346221,31.83458,m_690
u_19107871,s_511059,"2017/8/26 19:50",122.34652,31.834404,m_690
u_19411707,s_162065,"2017/8/26 12:10",122.347601,31.834131,m_690
u_19569433,s_1425466,"2017/8/26 14:50",122.346356,31.83483,m_690
u_19891191,s_149642,"2017/8/26 12:20",122.347002,31.834815,m_690
u_20366937,s_532828,"2017/8/26 14:40",122.347035,31.835077,m_690
u_20996991,s_3031268,"2017/8/26 15:30",122.347009,31.834956,m_690
u_21071353,s_200652,"2017/8/26 14:40",122.346469,31.834406,m_690
u_21952381,s_3708022,"2017/8/26 18:20",122.34734,31.833754,m_690
u_22896354,s_1228218,"2017/8/26 13:20",122.346658,31.83475,m_690
u_23569950,s_304431,"2017/8/26 11:00",122.346257,31.834912,m_690
u_24447505,s_1425466,"2017/8/26 11:40",122.346602,31.834936,m_690
u_24447505,s_221357,"2017/8/26 11:40",122.347103,31.834282,m_690
u_25982458,s_796974,"2017/8/26 13:20",122.346961,31.834873,m_690
u_26031902,s_1425466,"2017/8/26 13:40",122.346361,31.834787,m_690
u_26031902,s_266675,"2017/8/26 12:50",122.346355,31.834792,m_690
u_26822367,s_298312,"2017/8/26 16:50",122.346277,31.834724,m_690
u_27433525,s_3992938,"2017/8/26 18:20",122.346679,31.834375,m_690
u_27476528,s_3697,"2017/8/26 12:50",122.346472,31.834353,m_690
u_28195036,s_267330,"2017/8/26 13:50",122.34627,31.834718,m_690
u_28336297,s_824128,"2017/8/26 19:10",122.346692,31.834905,m_690
u_28773293,s_211875,"2017/8/26 20:00",122.346981,31.834925,m_690
u_29441778,s_266675,"2017/8/26 13:40",122.346424,31.834831,m_690
u_29793385,s_5947,"2017/8/26 12:40",122.347334,31.833675,m_690
u_31175310,s_149642,"2017/8/26 15:40",122.346795,31.834465,m_690
u_32415273,s_43301,"2017/8/26 11:40",122.347413,31.833787,m_690
u_32488900,s_704259,"2017/8/26 21:10",122.346125,31.834388,m_690
u_32833019,s_3609326,"2017/8/26 15:00",122.34744,31.833703,m_690
u_32833019,s_3609326,"2017/8/26 14:50",122.347444,31.833713,m_690
u_33005945,s_405021,"2017/8/26 21:20",122.346343,31.834886,m_690
u_33043094,s_1910011,"2017/8/26 19:40",122.34665,31.83426,m_690
u_33192011,s_3911669,"2017/8/26 19:30",122.346703,31.833614,m_690
u_33785596,s_394554,"2017/8/26 16:50",122.346658,31.83475,m_690
u_33959077,s_44188,"2017/8/26 19:00",122.346894,31.834133,m_690
u_34179954,s_491988,"2017/8/26 18:40",122.346692,31.834905,m_690
u_34516146,s_501869,"2017/8/26 12:50",122.347086,31.835046,m_690
u_34748783,s_3609851,"2017/8/26 19:10",122.347596,31.834064,m_690
u_34748783,s_3836242,"2017/8/26 15:30",122.347649,31.835402,m_690
u_34809141,s_905564,"2017/8/26 14:40",122.347284,31.833889,m_690
u_34886850,s_3836242,"2017/8/26 19:50",122.347567,31.835515,m_690
u_34941617,s_392580,"2017/8/26 13:20",122.346433,31.833803,m_690
u_34941617,s_392580,"2017/8/26 13:20",122.346458,31.8338,m_690
u_34941617,s_392580,"2017/8/26 13:30",122.346458,31.8338,m_690
u_34941617,s_392580,"2017/8/26 13:30",122.346433,31.833803,m_690
u_35139096,s_172852,"2017/8/26 11:40",122.346667,31.834907,m_690
u_35577528,s_16473,"2017/8/26 17:20",122.346699,31.833549,m_690
u_35658050,s_287617,"2017/8/26 18:30",122.34647,31.834278,m_690
u_35658050,s_517730,"2017/8/26 17:50",122.346897,31.833826,m_690
u_35843202,s_555720,"2017/8/26 17:40",122.346675,31.834483,m_690
u_35843202,s_16473,"2017/8/26 15:30",122.346654,31.833534,m_690
u_35843202,s_221357,"2017/8/26 17:30",122.346692,31.834394,m_690
u_35843202,s_266675,"2017/8/26 17:50",122.346151,31.834523,m_690
u_36050366,s_304431,"2017/8/26 18:50",122.34621,31.835153,m_690
u_36170346,s_633878,"2017/8/26 15:10",122.347417,31.83383,m_690
u_36196925,s_850768,"2017/8/26 12:50",122.34771,31.83391,m_690
u_37166001,s_389825,"2017/8/26 20:10",122.346894,31.834542,m_690
u_37178944,s_905564,"2017/8/26 19:20",122.347274,31.833889,m_690
u_37447764,s_517730,"2017/8/26 13:30",122.34689,31.833789,m_690
u_37813121,s_287617,"2017/8/26 16:40",122.34647,31.834276,m_690
u_38025014,s_824128,"2017/8/26 16:30",122.346941,31.835009,m_690
u_38943105,s_767494,"2017/8/26 18:50",122.347312,31.833843,m_690
u_39204523,s_532828,"2017/8/26 17:50",122.346277,31.834724,m_690
u_39204523,s_287617,"2017/8/26 17:40",122.346466,31.834291,m_690
u_39756274,s_75575,"2017/8/26 13:50",122.346937,31.833989,m_690
u_40767906,s_2000157,"2017/8/26 19:00",122.347433,31.834478,m_690
u_40941950,s_68741,"2017/8/26 11:50",122.346775,31.833624,m_690
u_41430199,s_1217813,"2017/8/26 17:30",122.346682,31.83483,m_690
u_42605709,s_416299,"2017/8/26 22:00",122.347815,31.835319,m_690
u_42726432,s_217698,"2017/8/26 19:30",122.346551,31.834216,m_690
u_43379257,s_287617,"2017/8/26 21:00",122.346469,31.834279,m_690
u_43802583,s_1228218,"2017/8/26 19:20",122.346277,31.834724,m_690
u_44149341,s_70432,"2017/8/26 18:30",122.347505,31.833715,m_690
u_44206475,s_16473,"2017/8/26 17:30",122.346661,31.833547,m_690
u_44379940,s_3836242,"2017/8/26 17:50",122.347667,31.835419,m_690
u_44853012,s_698115,"2017/8/26 12:00",122.346115,31.834381,m_690
u_45030423,s_3924745,"2017/8/26 18:20",122.347122,31.83372,m_690
u_45380958,s_298312,"2017/8/26 19:00",122.346678,31.834848,m_690
u_45742482,s_94841,"2017/8/26 18:30",122.346679,31.834375,m_690
u_46428123,s_9147,"2017/8/26 16:30",122.346586,31.834138,m_690
u_46923798,s_532828,"2017/8/26 18:40",122.346634,31.834896,m_690
u_46923798,s_287617,"2017/8/26 18:20",122.34647,31.834279,m_690
u_46946015,s_298312,"2017/8/26 12:40",122.346666,31.834956,m_690
u_47075723,s_3345001,"2017/8/26 18:30",122.346963,31.834785,m_690
u_47617006,s_221357,"2017/8/26 15:30",122.347199,31.833943,m_690
u_47625285,s_2258,"2017/8/26 19:10",122.346495,31.834418,m_690
u_47731731,s_517730,"2017/8/26 15:10",122.347097,31.833942,m_690
u_47731731,s_1138950,"2017/8/26 11:20",122.347758,31.833903,m_690
u_48580456,s_405021,"2017/8/26 20:00",122.346298,31.834752,m_690
u_49011046,s_304431,"2017/8/26 20:20",122.346161,31.83519,m_690
u_49351468,s_1719280,"2017/8/26 9:20",122.34694,31.834983,m_690
u_49358480,s_9147,"2017/8/26 22:10",122.347349,31.832903,m_690
u_49358480,s_9147,"2017/8/26 21:10",122.346563,31.834202,m_690
u_49358480,s_9147,"2017/8/26 21:10",122.347349,31.832903,m_690
u_49358480,s_9147,"2017/8/26 22:10",122.346563,31.834202,m_690
u_50395515,s_3697,"2017/8/26 15:40",122.346472,31.83435,m_690
u_50433706,s_1719280,"2017/8/26 15:40",122.347363,31.835211,m_690
u_50758735,s_149642,"2017/8/26 15:10",122.346954,31.834528,m_690
u_51185759,s_3836242,"2017/8/26 18:20",122.347689,31.83544,m_690
u_51553579,s_532828,"2017/8/26 18:50",122.346934,31.834816,m_690
u_51785756,s_394554,"2017/8/26 17:50",122.346658,31.83475,m_690
u_52571833,s_1756,"2017/8/26 18:00",122.346676,31.833545,m_690
u_52721790,s_3992938,"2017/8/26 13:50",122.346645,31.834206,m_690
u_53988012,s_767494,"2017/8/26 13:20",122.347345,31.833841,m_690
u_54126396,s_44188,"2017/8/26 18:20",122.34659,31.834148,m_690
u_54529503,s_486541,"2017/8/26 14:40",122.347052,31.835038,m_690
u_54582438,s_704259,"2017/8/26 11:30",122.346085,31.834336,m_690
u_54582438,s_3345001,"2017/8/26 11:40",122.346777,31.834959,m_690
u_54582438,s_3345001,"2017/8/26 11:40",122.347013,31.834949,m_690
u_54586868,s_532828,"2017/8/26 15:10",122.34637,31.834806,m_690
u_54834838,s_240723,"2017/8/26 13:10",122.347289,31.833671,m_690
u_55087724,s_82862,"2017/8/26 17:00",122.346723,31.834982,m_690
u_55208962,s_3345001,"2017/8/26 19:00",122.346934,31.834816,m_690
u_56140343,s_98246,"2017/8/26 21:10",122.346198,31.83412,m_690
u_56330256,s_200652,"2017/8/26 14:10",122.346619,31.834387,m_690
u_57387000,s_1587,"2017/8/26 21:40",122.346964,31.834856,m_690
u_57992717,s_149642,"2017/8/26 15:10",122.34694,31.834573,m_690
u_59230767,s_149642,"2017/8/26 8:00",122.346944,31.834568,m_690
u_59440934,s_3992938,"2017/8/26 21:00",122.346785,31.834454,m_690
u_59440934,s_44188,"2017/8/26 20:50",122.346976,31.834204,m_690
u_59656262,s_3345001,"2017/8/26 12:30",122.346974,31.834772,m_690
u_60075992,s_2258,"2017/8/26 16:00",122.346349,31.834825,m_690
u_60075992,s_2258,"2017/8/26 15:50",122.34627,31.834718,m_690
u_60351271,s_3765583,"2017/8/26 12:20",122.346437,31.833803,m_690
u_60658305,s_1425466,"2017/8/26 20:00",122.346132,31.834058,m_690
u_60962682,s_9147,"2017/8/26 12:10",122.346551,31.834214,m_690
u_61344051,s_1228218,"2017/8/26 11:20",122.346658,31.83475,m_690
u_61344051,s_1425466,"2017/8/26 13:00",122.346347,31.834799,m_690
u_61668647,s_1587,"2017/8/26 19:10",122.346963,31.834863,m_690
u_62447713,s_432564,"2017/8/26 12:50",122.347417,31.834503,m_690
u_63255589,s_44188,"2017/8/26 13:50",122.346635,31.834241,m_690
u_7356,s_796974,"2017/8/26 13:00",122.34696,31.834873,m_690
u_12251,s_767494,"2017/8/26 18:40",122.347238,31.834117,m_690
u_72839,s_217698,"2017/8/26 14:20",122.346487,31.834199,m_690
u_149372,s_266675,"2017/8/26 11:00",122.346277,31.834724,m_690
u_236144,s_389825,"2017/8/26 14:40",122.347011,31.83412,m_690
u_352658,s_824128,"2017/8/26 21:00",122.346727,31.834902,m_690
u_664475,s_3836242,"2017/8/26 19:10",122.347528,31.835513,m_690
u_796117,s_2265,"2017/8/26 18:10",122.346269,31.83471,m_690
u_796117,s_75575,"2017/8/26 18:30",122.34694,31.833998,m_690
u_807311,s_149642,"2017/8/26 11:40",122.346634,31.834225,m_690
u_830334,s_3578421,"2017/8/26 11:50",122.347512,31.83389,m_690
u_1007897,s_3840220,"2017/8/26 16:30",122.346335,31.834792,m_690
u_1472788,s_555720,"2017/8/26 14:40",122.346507,31.834409,m_690
u_1472788,s_221357,"2017/8/26 14:20",122.346937,31.834419,m_690
u_1918309,s_517730,"2017/8/26 10:50",122.346893,31.833807,m_690
u_1918309,s_767494,"2017/8/26 11:20",122.347308,31.833841,m_690
u_1918309,s_149642,"2017/8/26 7:50",122.346887,31.834537,m_690
u_2112218,s_669092,"2017/8/26 14:40",122.347232,31.834186,m_690
u_2162544,s_3697,"2017/8/26 14:20",122.346467,31.834318,m_690
u_2236667,s_633878,"2017/8/26 17:10",122.347427,31.83384,m_690
u_2236667,s_2258,"2017/8/26 18:10",122.346558,31.834404,m_690
u_2392228,s_9147,"2017/8/26 9:20",122.346483,31.834207,m_690
u_2633673,s_70697,"2017/8/26 16:40",122.346431,31.834037,m_690
u_2680215,s_517730,"2017/8/26 11:50",122.346891,31.833795,m_690
u_3204309,s_221357,"2017/8/26 13:10",122.346701,31.834472,m_690
u_3204309,s_4000963,"2017/8/26 13:00",122.346782,31.833911,m_690
u_3456777,s_389825,"2017/8/26 11:40",122.346887,31.834537,m_690
u_3501478,s_824128,"2017/8/26 17:50",122.346793,31.834992,m_690
u_3949119,s_3975589,"2017/8/26 13:20",122.347167,31.834181,m_690
u_3949119,s_75184,"2017/8/26 13:00",122.346458,31.83444,m_690
u_3949119,s_3840220,"2017/8/26 12:30",122.345878,31.834762,m_690
u_3949119,s_633878,"2017/8/26 14:40",122.347459,31.833733,m_690
u_3949119,s_259411,"2017/8/26 14:00",122.346274,31.833877,m_690
u_3975096,s_3875945,"2017/8/26 18:50",122.346437,31.833784,m_690
u_4047086,s_98246,"2017/8/26 18:20",122.346168,31.834266,m_690
u_4067960,s_532828,"2017/8/26 10:50",122.34631,31.834759,m_690
u_4067960,s_3840220,"2017/8/26 12:40",122.346424,31.834831,m_690
u_4069463,s_287617,"2017/8/26 11:50",122.346468,31.834283,m_690
u_4319887,s_3609851,"2017/8/26 20:40",122.34708,31.834246,m_690
u_4353936,s_3737251,"2017/8/26 18:30",122.346957,31.834187,m_690
u_4682345,s_75575,"2017/8/26 13:50",122.346926,31.833957,m_690
u_4981124,s_3031268,"2017/8/26 14:00",122.347009,31.834969,m_690
u_5022152,s_3345001,"2017/8/26 17:50",122.346993,31.834936,m_690
u_5665158,s_2265,"2017/8/26 19:20",122.346252,31.834726,m_690
u_5733221,s_43301,"2017/8/26 19:50",122.347302,31.833836,m_690
u_6418274,s_217698,"2017/8/26 15:00",122.346552,31.834214,m_690
u_6601798,s_511059,"2017/8/26 19:30",122.346492,31.834427,m_690
u_6898401,s_2833968,"2017/8/26 19:40",122.346989,31.834807,m_690
u_7019786,s_3836242,"2017/8/26 20:00",122.347649,31.835483,m_690
u_7748286,s_633878,"2017/8/26 20:30",122.347386,31.833814,m_690
u_7748286,s_633878,"2017/8/26 20:30",122.347425,31.833776,m_690
u_7812521,s_511059,"2017/8/26 18:30",122.346464,31.834408,m_690
u_7861267,s_3737251,"2017/8/26 12:40",122.346654,31.834322,m_690
u_7861267,s_1425466,"2017/8/26 12:40",122.346074,31.834363,m_690
u_7861267,s_70697,"2017/8/26 13:00",122.346622,31.833911,m_690
u_8371988,s_532828,"2017/8/26 12:50",122.346944,31.834809,m_690
u_9437921,s_405021,"2017/8/26 18:10",122.346343,31.834886,m_690
u_10451951,s_3806668,"2017/8/26 11:40",122.346418,31.833816,m_690
u_10755567,s_3609851,"2017/8/26 14:20",122.346509,31.834539,m_690
u_11079240,s_3345001,"2017/8/26 18:50",122.347035,31.835077,m_690
u_11306671,s_1217813,"2017/8/26 17:20",122.346494,31.83482,m_690
u_11808330,s_3911669,"2017/8/26 18:10",122.346848,31.833971,m_690
u_11983532,s_3792037,"2017/8/26 20:30",122.34737,31.833793,m_690
u_12000778,s_3345001,"2017/8/26 20:00",122.346985,31.834849,m_690
u_12691813,s_1910011,"2017/8/26 12:30",122.346885,31.834537,m_690
u_12691813,s_532828,"2017/8/26 14:30",122.346668,31.834976,m_690
u_12819991,s_2258,"2017/8/26 16:40",122.346549,31.834406,m_690
u_12819991,s_3836242,"2017/8/26 12:30",122.347651,31.835409,m_690
u_12821334,s_9147,"2017/8/26 9:10",122.346467,31.834241,m_690
u_13184505,s_82862,"2017/8/26 16:00",122.346723,31.834906,m_690
u_13718448,s_501869,"2017/8/26 19:40",122.346895,31.835005,m_690
u_13718448,s_501869,"2017/8/26 19:50",122.346902,31.835005,m_690
u_14350469,s_70432,"2017/8/26 12:10",122.347477,31.833692,m_690
u_14552957,s_3992938,"2017/8/26 16:50",122.346547,31.834226,m_690
u_14632014,s_149642,"2017/8/26 9:20",122.346865,31.834498,m_690
u_14657012,s_9147,"2017/8/26 19:50",122.346499,31.834222,m_690
u_15312827,s_3836242,"2017/8/26 15:50",122.347699,31.835439,m_690
u_15312827,s_3836242,"2017/8/26 18:10",122.347657,31.835423,m_690
u_15529549,s_824128,"2017/8/26 11:30",122.347104,31.835039,m_690
u_15781939,s_3609851,"2017/8/26 13:00",122.347599,31.834058,m_690
u_16823307,s_149642,"2017/8/26 10:10",122.34694,31.834563,m_690
u_18018718,s_9147,"2017/8/26 18:20",122.346476,31.834224,m_690
u_18220801,s_389825,"2017/8/26 12:00",122.346812,31.834465,m_690
u_18402977,s_287617,"2017/8/26 13:30",122.346469,31.834282,m_690
u_18443736,s_9147,"2017/8/26 18:00",122.346509,31.834202,m_690
u_18976592,s_298312,"2017/8/26 19:30",122.346382,31.834804,m_690
u_19068920,s_3875945,"2017/8/26 14:20",122.346168,31.834087,m_690
u_19170934,s_221357,"2017/8/26 12:50",122.346675,31.834483,m_690
u_19787712,s_266675,"2017/8/26 11:00",122.346654,31.834982,m_690
u_19787712,s_3992938,"2017/8/26 10:10",122.347012,31.834122,m_690
u_20367867,s_149642,"2017/8/26 10:20",122.346947,31.834569,m_690
u_20588657,s_266675,"2017/8/26 15:10",122.346411,31.83483,m_690
u_21231584,s_3708022,"2017/8/26 19:40",122.347664,31.834014,m_690
u_22398747,s_517730,"2017/8/26 19:00",122.346888,31.833783,m_690
u_22398747,s_321001,"2017/8/26 19:00",122.34692,31.833925,m_690
u_22593688,s_266675,"2017/8/26 14:20",122.346132,31.834846,m_690
u_22593688,s_555720,"2017/8/26 14:30",122.346437,31.834438,m_690
u_22766389,s_70432,"2017/8/26 18:00",122.347481,31.833685,m_690
u_23627839,s_495780,"2017/8/26 12:10",122.347054,31.834959,m_690
u_24030785,s_1208985,"2017/8/26 8:40",122.348015,31.835388,m_690
u_24040013,s_210364,"2017/8/26 19:10",122.34619,31.834739,m_690
u_24044092,s_532828,"2017/8/26 18:40",122.346125,31.834036,m_690
u_24362509,s_390302,"2017/8/26 18:00",122.345878,31.834762,m_690
u_24379394,s_94841,"2017/8/26 13:40",122.346897,31.834566,m_690
u_24808097,s_3345001,"2017/8/26 18:30",122.347009,31.834969,m_690
u_24856649,s_162065,"2017/8/26 16:20",122.34773,31.833776,m_690
u_25728837,s_298312,"2017/8/26 11:20",122.346406,31.83483,m_690
u_25746048,s_3836242,"2017/8/26 17:30",122.347684,31.835375,m_690
u_26548428,s_298312,"2017/8/26 11:40",122.346263,31.834691,m_690
u_26800316,s_796974,"2017/8/26 18:30",122.346955,31.834848,m_690
u_27321952,s_298312,"2017/8/26 18:10",122.346406,31.83483,m_690
u_28149926,s_149642,"2017/8/26 18:50",122.346959,31.834527,m_690
u_28243470,s_3806668,"2017/8/26 20:10",122.346306,31.833921,m_690
u_28246740,s_9147,"2017/8/26 12:20",122.34654,31.834109,m_690
u_28411350,s_43301,"2017/8/26 19:20",122.347394,31.833926,m_690
u_28553869,s_44188,"2017/8/26 14:50",122.346756,31.834386,m_690
u_29036588,s_3345001,"2017/8/26 11:30",122.346661,31.834917,m_690
u_30249459,s_1719280,"2017/8/26 19:40",122.347128,31.835083,m_690
u_30357203,s_3836242,"2017/8/26 16:00",122.347646,31.835399,m_690
u_32697698,s_149642,"2017/8/26 17:40",122.346959,31.834528,m_690
u_32697698,s_149642,"2017/8/26 12:50",122.346897,31.834566,m_690
u_32803053,s_287617,"2017/8/26 16:50",122.346467,31.834291,m_690
u_33339727,s_824128,"2017/8/26 8:20",122.346941,31.835009,m_690
u_33944624,s_2833968,"2017/8/26 16:10",122.346942,31.834534,m_690
u_34268151,s_511059,"2017/8/26 16:40",122.346468,31.834411,m_690
u_34427850,s_70432,"2017/8/26 14:00",122.347481,31.833688,m_690
u_34860377,s_43301,"2017/8/26 10:50",122.347109,31.833876,m_690
u_34860377,s_43301,"2017/8/26 12:20",122.347232,31.83397,m_690
u_35527553,s_3992938,"2017/8/26 20:10",122.346976,31.834204,m_690
u_35660209,s_287617,"2017/8/26 11:30",122.346468,31.834286,m_690
u_35864598,s_9147,"2017/8/26 19:30",122.34649,31.834193,m_690
u_35950635,s_2000157,"2017/8/26 13:40",122.347219,31.834795,m_690
u_36417284,s_486541,"2017/8/26 19:10",122.346995,31.835163,m_690
u_36440193,s_3836242,"2017/8/26 11:40",122.347595,31.835443,m_690
u_37773808,s_149642,"2017/8/26 16:00",122.346966,31.834524,m_690
u_37825908,s_43301,"2017/8/26 17:30",122.347448,31.833839,m_690
u_38192685,s_298312,"2017/8/26 12:50",122.346658,31.83475,m_690
u_38322771,s_44188,"2017/8/26 18:30",122.34681,31.834446,m_690
u_38499204,s_824128,"2017/8/26 12:50",122.347061,31.835146,m_690
u_39363055,s_1425466,"2017/8/26 18:50",122.346652,31.834307,m_690
u_39437627,s_486541,"2017/8/26 16:10",122.346982,31.835161,m_690
u_39444547,s_1587,"2017/8/26 13:20",122.346952,31.834832,m_690
u_39923627,s_75575,"2017/8/26 18:40",122.346942,31.834002,m_690
u_40287237,s_3806668,"2017/8/26 14:10",122.346425,31.833996,m_690
u_40354372,s_511059,"2017/8/26 19:00",122.346575,31.834472,m_690
u_40591098,s_2038606,"2017/8/26 16:00",122.346721,31.834462,m_690
u_40950605,s_796974,"2017/8/26 21:20",122.346961,31.834875,m_690
u_41131341,s_3578421,"2017/8/26 12:10",122.34776,31.833903,m_690
u_41355161,s_43301,"2017/8/26 17:10",122.347434,31.833859,m_690
u_41474021,s_3345001,"2017/8/26 16:50",122.346993,31.834936,m_690
u_41831580,s_200652,"2017/8/26 16:20",122.346457,31.834452,m_690
u_42109735,s_172852,"2017/8/26 11:50",122.346887,31.834814,m_690
u_42179449,s_1946001,"2017/8/26 14:00",122.347283,31.834884,m_690
u_43183958,s_1217813,"2017/8/26 17:20",122.346683,31.834822,m_690
u_43340843,s_824128,"2017/8/26 16:10",122.346785,31.835122,m_690
u_43399292,s_298312,"2017/8/26 11:50",122.346378,31.834797,m_690
u_44226204,s_3975589,"2017/8/26 15:40",122.3471,31.834175,m_690
u_44315974,s_532828,"2017/8/26 17:20",122.346668,31.834976,m_690
u_44573384,s_767494,"2017/8/26 17:00",122.347454,31.833758,m_690
u_44573384,s_824128,"2017/8/26 17:50",122.3466,31.834839,m_690
u_44605255,s_1203375,"2017/8/26 13:40",122.347052,31.833711,m_690
u_44797193,s_298312,"2017/8/26 13:00",122.346658,31.83475,m_690
u_45083456,s_905564,"2017/8/26 18:20",122.347312,31.833924,m_690
u_45276813,s_824128,"2017/8/26 23:30",122.346788,31.834992,m_690
u_45296859,s_796974,"2017/8/26 15:10",122.347068,31.834942,m_690
u_45949561,s_796974,"2017/8/26 21:10",122.34696,31.834859,m_690
u_46034389,s_1756,"2017/8/26 17:20",122.346656,31.833527,m_690
u_46471632,s_824128,"2017/8/26 12:10",122.346869,31.83482,m_690
u_46482048,s_767494,"2017/8/26 10:40",122.347308,31.833841,m_690
u_46919684,s_217698,"2017/8/26 13:40",122.346551,31.83413,m_690
u_47064903,s_71589,"2017/8/26 12:40",122.346797,31.833676,m_690
u_47195211,s_298312,"2017/8/26 18:10",122.346668,31.834976,m_690
u_47195211,s_15012,"2017/8/26 19:30",122.346489,31.834238,m_690
u_47195211,s_217698,"2017/8/26 19:20",122.34648,31.834211,m_690
u_47827227,s_517730,"2017/8/26 18:00",122.346442,31.834895,m_690
u_47827227,s_517730,"2017/8/26 17:30",122.346442,31.834895,m_690
u_47827227,s_471236,"2017/8/26 18:40",122.346358,31.834864,m_690
u_47827227,s_517730,"2017/8/26 18:00",122.346896,31.83381,m_690
u_47827227,s_517730,"2017/8/26 17:30",122.346896,31.83381,m_690
u_48042548,s_633878,"2017/8/26 11:50",122.347424,31.833812,m_690
u_48141730,s_1203375,"2017/8/26 19:40",122.346951,31.833666,m_690
u_48223786,s_824128,"2017/8/26 21:50",122.445516,31.802267,m_690
u_48223786,s_824128,"2017/8/26 21:50",122.346127,31.834592,m_690
u_48223786,s_1756,"2017/8/26 15:30",122.346815,31.835044,m_690
u_48223786,s_1756,"2017/8/26 15:30",122.34678,31.833581,m_690
u_48416381,s_304431,"2017/8/26 19:30",122.346167,31.835144,m_690
u_49659493,s_53708,"2017/8/26 17:30",122.346461,31.834285,m_690
u_49958108,s_240723,"2017/8/26 18:10",122.347323,31.833675,m_690
u_51251723,s_824128,"2017/8/26 19:40",122.346727,31.834902,m_690
u_51994412,s_3697,"2017/8/26 14:20",122.346477,31.834402,m_690
u_52059530,s_131895,"2017/8/26 14:50",122.346931,31.833768,m_690
u_52489749,s_240723,"2017/8/26 19:10",122.347325,31.833677,m_690
u_52592750,s_98246,"2017/8/26 18:30",122.346216,31.834062,m_690
u_52592750,s_3911669,"2017/8/26 17:40",122.346899,31.833617,m_690
u_53135171,s_3737251,"2017/8/26 17:10",122.346501,31.83463,m_690
u_53557947,s_2038606,"2017/8/26 16:40",122.346909,31.83453,m_690
u_53557947,s_94841,"2017/8/26 16:50",122.346746,31.83438,m_690
u_53955644,s_517730,"2017/8/26 12:50",122.346893,31.833801,m_690
u_54517896,s_298312,"2017/8/26 13:40",122.346667,31.834907,m_690
u_54559193,s_850768,"2017/8/26 12:20",122.347703,31.833911,m_690
u_54832068,s_287617,"2017/8/26 14:40",122.346468,31.834288,m_690
u_54901388,s_405021,"2017/8/26 11:30",122.346343,31.834886,m_690
u_55076178,s_211875,"2017/8/26 21:20",122.347276,31.834867,m_690
u_55108795,s_217698,"2017/8/26 18:10",122.346543,31.834227,m_690
u_55232473,s_3992938,"2017/8/26 10:40",122.346556,31.834161,m_690
u_55232473,s_266675,"2017/8/26 10:20",122.346668,31.834942,m_690
u_55632840,s_75184,"2017/8/26 12:50",122.346671,31.834499,m_690
u_56063156,s_532828,"2017/8/26 18:50",122.346659,31.834754,m_690
u_56544901,s_1756,"2017/8/26 12:00",122.346955,31.833589,m_690
u_56544901,s_9147,"2017/8/26 10:20",122.346575,31.834157,m_690
u_57018163,s_304431,"2017/8/26 18:30",122.346219,31.835031,m_690
u_57024503,s_9147,"2017/8/26 12:10",122.346578,31.834157,m_690
u_57024503,s_9147,"2017/8/26 13:20",122.346525,31.834189,m_690
u_58225268,s_517730,"2017/8/26 14:10",122.346886,31.833776,m_690
u_58225268,s_517730,"2017/8/26 14:20",122.346891,31.833798,m_690
u_58484342,s_767494,"2017/8/26 21:10",122.347311,31.833846,m_690
u_58484342,s_266675,"2017/8/26 20:50",122.346277,31.834724,m_690
u_58605128,s_3911669,"2017/8/26 18:10",122.34703,31.833717,m_690
u_58820078,s_94841,"2017/8/26 11:50",122.346992,31.835149,m_690
u_58941196,s_149642,"2017/8/26 14:40",122.346855,31.83452,m_690
u_59182655,s_149642,"2017/8/26 11:30",122.346946,31.834565,m_690
u_59236441,s_3737251,"2017/8/26 11:40",122.346878,31.834538,m_690
u_59338361,s_767494,"2017/8/26 17:50",122.347381,31.833838,m_690
u_59479580,s_432564,"2017/8/26 15:20",122.347382,31.83455,m_690
u_59483973,s_3345001,"2017/8/26 16:10",122.346775,31.834675,m_690
u_59514044,s_704259,"2017/8/26 15:00",122.346228,31.833975,m_690
u_59967036,s_9147,"2017/8/26 7:00",122.346474,31.834224,m_690
u_59993038,s_9147,"2017/8/26 8:20",122.346493,31.834194,m_690
u_59993038,s_149642,"2017/8/26 18:10",122.346946,31.834578,m_690
u_59993038,s_217698,"2017/8/26 20:00",122.346555,31.83421,m_690
u_60494202,s_824128,"2017/8/26 15:40",122.346941,31.835009,m_690
u_60503108,s_217698,"2017/8/26 12:00",122.346516,31.834215,m_690
u_60579113,s_2000157,"2017/8/26 16:30",122.347441,31.834538,m_690
u_61383557,s_3609851,"2017/8/26 18:10",122.347595,31.834062,m_690
u_62283047,s_298312,"2017/8/26 20:10",122.346277,31.834724,m_690
u_62283047,s_211875,"2017/8/26 20:30",122.347003,31.834929,m_690
u_62471463,s_543464,"2017/8/26 19:50",122.347741,31.833881,m_690
u_63423201,s_287617,"2017/8/26 13:50",122.346471,31.834273,m_690
u_63862473,s_75184,"2017/8/26 14:40",122.346485,31.834423,m_690
u_4730,s_3345001,"2017/8/26 12:50",122.346984,31.834933,m_690
u_43543,s_221357,"2017/8/26 15:10",122.346538,31.834421,m_690
u_43543,s_3840220,"2017/8/26 16:40",122.345909,31.834592,m_690
u_43543,s_3840220,"2017/8/26 16:40",122.346475,31.834798,m_690
u_43543,s_3911669,"2017/8/26 18:10",122.346805,31.833592,m_690
u_72238,s_698115,"2017/8/26 16:50",122.346121,31.834212,m_690
u_123554,s_796974,"2017/8/26 12:10",122.346952,31.834843,m_690
u_124181,s_1425466,"2017/8/26 12:10",122.346602,31.834936,m_690
u_327241,s_44188,"2017/8/26 16:00",122.346649,31.834171,m_690
u_363695,s_1217813,"2017/8/26 13:20",122.346688,31.834817,m_690
u_415714,s_240723,"2017/8/26 15:00",122.347338,31.833679,m_690
u_449260,s_1208985,"2017/8/26 15:30",122.348015,31.835388,m_690
u_544945,s_3946132,"2017/8/26 21:20",122.346798,31.834946,m_690
u_599497,s_3609851,"2017/8/26 21:30",122.347597,31.834062,m_690
u_641129,s_70432,"2017/8/26 17:20",122.347472,31.833703,m_690
u_707529,s_3975589,"2017/8/26 12:20",122.346979,31.834061,m_690
u_892582,s_3806668,"2017/8/26 18:50",122.346462,31.833794,m_690
u_903085,s_645725,"2017/8/26 11:20",122.346928,31.834828,m_690
u_966432,s_3792037,"2017/8/26 17:30",122.347291,31.833832,m_690
u_1152973,s_1756,"2017/8/26 12:50",122.346659,31.833538,m_690
u_1184489,s_221357,"2017/8/26 15:10",122.346984,31.834212,m_690
u_1186388,s_2265,"2017/8/26 19:00",122.346266,31.834713,m_690
u_1219805,s_16473,"2017/8/26 19:10",122.346649,31.833529,m_690
u_1268916,s_304431,"2017/8/26 19:40",122.346182,31.835139,m_690
u_1268916,s_304431,"2017/8/26 19:40",122.34619,31.835048,m_690
u_1634700,s_221357,"2017/8/26 11:40",122.346653,31.834251,m_690
u_1646547,s_824128,"2017/8/26 7:40",122.3466,31.834839,m_690
u_1910940,s_2265,"2017/8/26 11:00",122.346659,31.834904,m_690
u_2004363,s_389825,"2017/8/26 12:00",122.346906,31.834578,m_690
u_2079613,s_555720,"2017/8/26 17:40",122.346642,31.834495,m_690
u_2149606,s_405021,"2017/8/26 12:10",122.346151,31.834523,m_690
u_2507857,s_704259,"2017/8/26 12:40",122.346105,31.834509,m_690
u_2645990,s_2038606,"2017/8/26 14:40",122.347004,31.834957,m_690
u_3105215,s_1756,"2017/8/26 12:50",122.346725,31.833565,m_690
u_3105215,s_149642,"2017/8/26 14:10",122.346942,31.834575,m_690
u_3130256,s_2258,"2017/8/26 14:20",122.346634,31.834896,m_690
u_3443369,s_1756,"2017/8/26 11:50",122.346689,31.833543,m_690
u_3827361,s_298312,"2017/8/26 16:10",122.346406,31.83483,m_690
u_3880532,s_1425466,"2017/8/26 12:20",122.346102,31.834308,m_690
u_3880532,s_2258,"2017/8/26 12:20",122.346229,31.834605,m_690
u_3880532,s_555720,"2017/8/26 18:50",122.346675,31.834483,m_690
u_4310861,s_221357,"2017/8/26 17:20",122.346679,31.834375,m_690
u_4437372,s_3911669,"2017/8/26 12:00",122.346644,31.833918,m_690
u_4534720,s_2265,"2017/8/26 10:30",122.34666,31.834852,m_690
u_4939670,s_3911669,"2017/8/26 12:50",122.346587,31.834029,m_690
u_5033494,s_432564,"2017/8/26 21:40",122.347381,31.834561,m_690
u_5314617,s_3836242,"2017/8/26 16:10",122.347646,31.835413,m_690
u_5314617,s_3836242,"2017/8/26 16:10",122.347564,31.835391,m_690
u_5314617,s_3836242,"2017/8/26 16:10",122.347646,31.835413,m_690
u_5314617,s_3836242,"2017/8/26 16:10",122.347564,31.835391,m_690
u_5540582,s_287617,"2017/8/26 18:10",122.346474,31.834265,m_690
u_5568052,s_1217813,"2017/8/26 16:40",122.346543,31.834869,m_690
u_5568052,s_824128,"2017/8/26 16:40",122.347094,31.835105,m_690
u_5596197,s_1946001,"2017/8/26 12:40",122.347293,31.834898,m_690
u_6385277,s_1946001,"2017/8/26 18:50",122.347165,31.835166,m_690
u_7020764,s_3806668,"2017/8/26 20:50",122.346312,31.833915,m_690
u_7020764,s_3806668,"2017/8/26 18:40",122.346451,31.83383,m_690
u_7020764,s_3806668,"2017/8/26 21:20",122.346298,31.833929,m_690
u_7020764,s_3806668,"2017/8/26 13:10",122.346153,31.833925,m_690
u_7657403,s_405021,"2017/8/26 14:00",122.346664,31.834744,m_690
u_7745437,s_44188,"2017/8/26 10:10",122.34656,31.834246,m_690
u_8668923,s_796974,"2017/8/26 13:40",122.346958,31.834873,m_690
u_8886311,s_1203375,"2017/8/26 20:10",122.347081,31.833744,m_690
u_8986809,s_217698,"2017/8/26 10:50",122.347039,31.834149,m_690
u_9135849,s_131895,"2017/8/26 20:20",122.346914,31.833761,m_690
u_9683366,s_266675,"2017/8/26 20:30",122.346952,31.834828,m_690
u_9840214,s_511059,"2017/8/26 18:50",122.346471,31.834411,m_690
u_10184097,s_2784191,"2017/8/26 14:40",122.347511,31.834187,m_690
u_11018569,s_1587,"2017/8/26 17:20",122.346967,31.834853,m_690
u_11266462,s_1228218,"2017/8/26 18:50",122.34631,31.834759,m_690
u_11266462,s_221357,"2017/8/26 18:40",122.346789,31.834272,m_690
u_11666725,s_298312,"2017/8/26 18:50",122.346664,31.834744,m_690
u_11666725,s_389825,"2017/8/26 19:20",122.34674,31.834382,m_690
u_12348833,s_824128,"2017/8/26 14:20",122.347038,31.834908,m_690
u_12358239,s_149642,"2017/8/26 18:40",122.346977,31.834825,m_690
u_12417927,s_44188,"2017/8/26 10:00",122.346621,31.834224,m_690
u_12835058,s_217698,"2017/8/26 20:20",122.346507,31.834167,m_690
u_13117964,s_217698,"2017/8/26 19:10",122.346519,31.834234,m_690
u_13135223,s_405021,"2017/8/26 13:00",122.346267,31.834696,m_690
u_13207464,s_44188,"2017/8/26 14:30",122.346635,31.834241,m_690
u_13502177,s_44188,"2017/8/26 17:20",122.346611,31.8342,m_690
u_13775808,s_544982,"2017/8/26 16:30",122.3466,31.834839,m_690
u_15012035,s_16473,"2017/8/26 15:20",122.346657,31.833536,m_690
u_15251577,s_75184,"2017/8/26 13:30",122.346521,31.834419,m_690
u_15587961,s_149642,"2017/8/26 15:10",122.346954,31.834794,m_690
u_16177956,s_824128,"2017/8/26 20:00",122.346541,31.834884,m_690
u_16746299,s_149642,"2017/8/26 15:40",122.346946,31.834563,m_690
u_17040649,s_75184,"2017/8/26 17:20",122.346514,31.83442,m_690
u_17776589,s_389825,"2017/8/26 12:40",122.346887,31.834537,m_690
u_18417503,s_221357,"2017/8/26 9:50",122.346306,31.834497,m_690
u_18441484,s_3609851,"2017/8/26 18:30",122.347522,31.834429,m_690
u_18581496,s_266675,"2017/8/26 11:20",122.346132,31.834846,m_690
u_18948195,s_70432,"2017/8/26 13:00",122.347481,31.833684,m_690
u_19211507,s_824128,"2017/8/26 16:00",122.346727,31.834902,m_690
u_19211507,s_266675,"2017/8/26 17:10",122.346277,31.834724,m_690
u_19406544,s_491151,"2017/8/26 19:20",122.347352,31.834581,m_690
u_19479185,s_211875,"2017/8/26 13:40",122.347148,31.835167,m_690
u_19509454,s_1425466,"2017/8/26 21:10",122.346298,31.834752,m_690
u_19661689,s_3697,"2017/8/26 10:50",122.34648,31.834395,m_690
u_19803614,s_455479,"2017/8/26 12:40",122.346162,31.834041,m_690
u_20102427,s_394554,"2017/8/26 19:10",122.346678,31.834848,m_690
u_20760155,s_3792037,"2017/8/26 17:50",122.347312,31.8338,m_690
u_21539390,s_2784191,"2017/8/26 21:30",122.347558,31.83414,m_690
u_21717331,s_3840220,"2017/8/26 18:00",122.346098,31.834868,m_690
u_21839802,s_304431,"2017/8/26 18:50",122.346193,31.83512,m_690
u_22097778,s_221357,"2017/8/26 20:10",122.346687,31.834472,m_690
u_22398304,s_75575,"2017/8/26 16:10",122.346939,31.833991,m_690
u_22588661,s_824128,"2017/8/26 11:40",122.346658,31.834852,m_690
u_23048246,s_824128,"2017/8/26 22:30",122.346803,31.834994,m_690
u_24322989,s_1425466,"2017/8/26 15:50",122.346258,31.834006,m_690
u_24557317,s_3737251,"2017/8/26 11:50",122.346787,31.834443,m_690
u_24557317,s_94841,"2017/8/26 13:10",122.346801,31.834438,m_690
u_24557317,s_75575,"2017/8/26 12:10",122.346941,31.834002,m_690
u_25015993,s_70432,"2017/8/26 11:40",122.34748,31.833687,m_690
u_25184361,s_53708,"2017/8/26 17:30",122.346481,31.834402,m_690
u_25596258,s_287617,"2017/8/26 11:30",122.346467,31.834301,m_690
u_25652691,s_392580,"2017/8/26 15:10",122.346499,31.833766,m_690
u_26305247,s_1946001,"2017/8/26 18:30",122.347165,31.835166,m_690
u_26394643,s_149642,"2017/8/26 8:30",122.346957,31.834528,m_690
u_26492596,s_405021,"2017/8/26 19:30",122.346267,31.834696,m_690
u_26781273,s_3609851,"2017/8/26 22:00",122.347219,31.834208,m_690
u_26906017,s_486541,"2017/8/26 13:00",122.346982,31.835161,m_690
u_27002930,s_267330,"2017/8/26 18:50",122.346151,31.834523,m_690
u_27392736,s_217698,"2017/8/26 19:00",122.346522,31.834243,m_690
u_27490141,s_1425466,"2017/8/26 10:30",122.346149,31.834492,m_690
u_27490141,s_1425466,"2017/8/26 10:30",122.346299,31.834764,m_690
u_27490141,s_389825,"2017/8/26 11:40",122.346887,31.834537,m_690
u_27497063,s_217698,"2017/8/26 19:50",122.346534,31.834189,m_690
u_27504586,s_389825,"2017/8/26 13:00",122.346844,31.834503,m_690
u_27722889,s_287617,"2017/8/26 12:50",122.346467,31.83429,m_690
u_27860057,s_298312,"2017/8/26 11:30",122.346277,31.834724,m_690
u_28655479,s_211875,"2017/8/26 16:30",122.347293,31.834898,m_690
u_28906531,s_43301,"2017/8/26 12:00",122.347429,31.833856,m_690
u_29243796,s_4015771,"2017/8/26 11:00",122.346186,31.834486,m_690
u_29596994,s_298312,"2017/8/26 14:50",122.346149,31.834887,m_690
u_30442749,s_3992938,"2017/8/26 15:30",122.346521,31.834419,m_690
u_30458166,s_824128,"2017/8/26 13:20",122.346774,31.835125,m_690
u_31169799,s_3697,"2017/8/26 12:10",122.346475,31.834404,m_690
u_31197987,s_3992938,"2017/8/26 16:00",122.347103,31.834282,m_690
u_31197987,s_486541,"2017/8/26 17:40",122.346982,31.835161,m_690
u_31443918,s_824128,"2017/8/26 11:20",122.3466,31.834839,m_690
u_32021848,s_3806668,"2017/8/26 14:20",122.346306,31.83392,m_690
u_32831145,s_304431,"2017/8/26 16:10",122.346218,31.835059,m_690
u_33051382,s_824128,"2017/8/26 15:10",122.3466,31.834839,m_690
u_33060378,s_544982,"2017/8/26 16:10",122.346644,31.834929,m_690
u_33468790,s_1425466,"2017/8/26 18:10",122.346455,31.834411,m_690
u_33662853,s_2265,"2017/8/26 15:40",122.34623,31.834577,m_690
u_33919416,s_287617,"2017/8/26 18:30",122.346466,31.834292,m_690
u_33991730,s_555720,"2017/8/26 19:40",122.346461,31.834285,m_690
u_33991730,s_555720,"2017/8/26 19:40",122.195858,31.764677,m_690
u_33991730,s_555720,"2017/8/26 19:00",122.195858,31.764677,m_690
u_33991730,s_555720,"2017/8/26 19:00",122.346461,31.834285,m_690
u_34661927,s_17145,"2017/8/26 13:20",122.346884,31.833769,m_690
u_34661927,s_221357,"2017/8/26 11:50",122.346566,31.834218,m_690
u_34797213,s_162065,"2017/8/26 17:50",122.347658,31.834063,m_690
u_34871243,s_1910011,"2017/8/26 12:30",122.34673,31.834231,m_690
u_35145568,s_405021,"2017/8/26 11:00",122.34668,31.834929,m_690
u_35550578,s_334595,"2017/8/26 12:20",122.346708,31.834995,m_690
u_36281327,s_491151,"2017/8/26 19:20",122.34755,31.834455,m_690
u_37047212,s_3737251,"2017/8/26 19:40",122.34671,31.834387,m_690
u_37337995,s_287617,"2017/8/26 15:10",122.34647,31.834281,m_690
u_38088684,s_221357,"2017/8/26 11:00",122.346804,31.834373,m_690
u_38556611,s_416299,"2017/8/26 19:50",122.347427,31.835193,m_690
u_38556611,s_3836242,"2017/8/26 17:10",122.347649,31.835433,m_690
u_38995610,s_511059,"2017/8/26 12:10",122.346256,31.834268,m_690
u_38995610,s_532828,"2017/8/26 10:50",122.346934,31.834816,m_690
u_39050276,s_3345001,"2017/8/26 13:50",122.346887,31.834814,m_690
u_39572242,s_287617,"2017/8/26 15:20",122.346466,31.834294,m_690
u_40025624,s_555720,"2017/8/26 13:50",122.346679,31.834375,m_690
u_40169367,s_532828,"2017/8/26 12:50",122.346689,31.834954,m_690
u_40169367,s_645725,"2017/8/26 13:00",122.346667,31.834907,m_690
u_40169367,s_645725,"2017/8/26 13:00",122.346664,31.834744,m_690
u_41585964,s_389825,"2017/8/26 16:10",122.346892,31.834541,m_690
u_41646298,s_149642,"2017/8/26 9:10",122.346958,31.834525,m_690
u_41810545,s_633878,"2017/8/26 15:20",122.347433,31.83379,m_690
u_42234040,s_3836242,"2017/8/26 11:20",122.347932,31.83537,m_690
u_42676837,s_44188,"2017/8/26 15:10",122.346756,31.834386,m_690
u_42676837,s_217698,"2017/8/26 15:10",122.346526,31.834212,m_690
u_42988928,s_2784191,"2017/8/26 12:00",122.347507,31.834153,m_690
u_43203105,s_3836242,"2017/8/26 15:20",122.34764,31.835406,m_690
u_43269328,s_1587,"2017/8/26 12:00",122.346968,31.834847,m_690
u_43566337,s_1756,"2017/8/26 10:40",122.346663,31.833532,m_690
u_44222573,s_3737251,"2017/8/26 11:40",122.346804,31.834054,m_690
u_44269245,s_287617,"2017/8/26 14:40",122.346467,31.83429,m_690
u_44834852,s_9147,"2017/8/26 19:50",122.346551,31.834215,m_690
u_45168823,s_287617,"2017/8/26 12:40",122.346467,31.83429,m_690
u_45224247,s_511059,"2017/8/26 19:00",122.346474,31.834383,m_690
u_45338993,s_2038606,"2017/8/26 17:30",122.346887,31.834537,m_690
u_45555128,s_240723,"2017/8/26 17:00",122.34732,31.833674,m_690
u_45799398,s_464962,"2017/8/26 19:20",122.346176,31.834708,m_690
u_46110268,s_824128,"2017/8/26 16:20",122.346717,31.834825,m_690
u_46276445,s_1756,"2017/8/26 19:00",122.347238,31.833692,m_690
u_46276445,s_1756,"2017/8/26 19:00",122.347249,31.833658,m_690
u_46525264,s_94841,"2017/8/26 14:20",122.346761,31.834466,m_690
u_47098400,s_3697,"2017/8/26 11:50",122.346466,31.834294,m_690
u_47274687,s_259411,"2017/8/26 12:30",122.346228,31.83394,m_690
u_47299886,s_3609851,"2017/8/26 21:10",122.347598,31.834027,m_690
u_47422644,s_796974,"2017/8/26 18:30",122.346962,31.834852,m_690
u_48417605,s_3840220,"2017/8/26 11:50",122.346265,31.834792,m_690
u_48432164,s_3836242,"2017/8/26 18:20",122.347678,31.835434,m_690
u_48619164,s_3609851,"2017/8/26 13:30",122.347242,31.834245,m_690
u_50454846,s_240723,"2017/8/26 19:30",122.347329,31.833678,m_690
u_50525831,s_94841,"2017/8/26 21:00",122.346738,31.834235,m_690
u_52001412,s_3840220,"2017/8/26 18:10",122.346277,31.834724,m_690
u_52851343,s_75184,"2017/8/26 19:10",122.346521,31.834419,m_690
u_52958323,s_75575,"2017/8/26 13:00",122.346924,31.833949,m_690
u_53230200,s_298312,"2017/8/26 18:20",122.346277,31.834724,m_690
u_53230200,s_298312,"2017/8/26 18:20",122.346406,31.83483,m_690
u_53518065,s_511059,"2017/8/26 16:20",122.346488,31.834412,m_690
u_53651767,s_555720,"2017/8/26 18:50",122.346679,31.834375,m_690
u_54125425,s_149642,"2017/8/26 19:20",122.346959,31.834528,m_690
u_54394884,s_75184,"2017/8/26 19:20",122.346521,31.834419,m_690
u_54953123,s_217698,"2017/8/26 17:40",122.346587,31.834144,m_690
u_55093482,s_304431,"2017/8/26 13:10",122.346188,31.835051,m_690
u_55332989,s_3836242,"2017/8/26 11:10",122.347654,31.83541,m_690
u_55632260,s_2000157,"2017/8/26 18:40",122.347349,31.834678,m_690
u_55994979,s_3836242,"2017/8/26 14:20",122.347635,31.835416,m_690
u_56378334,s_149642,"2017/8/26 12:50",122.346887,31.834537,m_690
u_56692888,s_471236,"2017/8/26 18:40",122.346533,31.834922,m_690
u_56692888,s_172852,"2017/8/26 16:40",122.346909,31.834791,m_690
u_56743509,s_152386,"2017/8/26 11:10",122.346337,31.834794,m_690
u_57588410,s_3836242,"2017/8/26 12:50",122.347636,31.835414,m_690
u_57588410,s_2833968,"2017/8/26 16:00",122.347016,31.835149,m_690
u_58219033,s_486541,"2017/8/26 17:00",122.346982,31.835161,m_690
u_58440377,s_2038606,"2017/8/26 17:40",122.34646,31.834267,m_690
u_58528627,s_394554,"2017/8/26 11:40",122.346277,31.834724,m_690
u_58669252,s_162065,"2017/8/26 12:20",122.347629,31.834099,m_690
u_59013078,s_1910011,"2017/8/26 12:20",122.346978,31.834061,m_690
u_59494481,s_3697,"2017/8/26 12:20",122.346482,31.834403,m_690
u_59494481,s_221357,"2017/8/26 12:50",122.346785,31.834275,m_690
u_59583039,s_9147,"2017/8/26 19:40",122.346541,31.834244,m_690
u_59668833,s_287617,"2017/8/26 11:40",122.346468,31.83428,m_690
u_59885505,s_5947,"2017/8/26 12:40",122.347384,31.833683,m_690
u_59960828,s_70697,"2017/8/26 13:50",122.346433,31.834038,m_690
u_59960828,s_1946001,"2017/8/26 12:50",122.346931,31.834823,m_690
u_60336736,s_16473,"2017/8/26 17:50",122.346646,31.833527,m_690
u_60403556,s_1850655,"2017/8/26 18:30",122.346342,31.834794,m_690
u_60823209,s_3836242,"2017/8/26 14:40",122.347779,31.835311,m_690
u_61497192,s_217698,"2017/8/26 11:50",122.346551,31.834215,m_690
u_61497192,s_217698,"2017/8/26 11:50",122.346545,31.834225,m_690
u_62042330,s_491151,"2017/8/26 18:50",122.347363,31.834568,m_690
u_62602162,s_3345001,"2017/8/26 11:50",122.346775,31.834675,m_690
u_62602162,s_172852,"2017/8/26 12:20",122.346132,31.834846,m_690
u_62786783,s_149642,"2017/8/26 9:00",122.346946,31.834572,m_690
u_63432608,s_3031268,"2017/8/26 17:40",122.347019,31.834985,m_690
u_13798,s_1587,"2017/8/26 19:00",122.346942,31.834832,m_690
u_69719,s_767494,"2017/8/26 16:20",122.34745,31.833841,m_690
u_315199,s_149642,"2017/8/26 12:00",122.34696,31.834527,m_690
u_335421,s_3609851,"2017/8/26 19:30",122.347603,31.834081,m_690
u_446534,s_517730,"2017/8/26 11:10",122.346887,31.833782,m_690
u_446534,s_57280,"2017/8/26 11:00",122.34667,31.833548,m_690
u_478926,s_1425466,"2017/8/26 19:20",122.346208,31.833982,m_690
u_524172,s_9147,"2017/8/26 8:00",122.346509,31.834215,m_690
u_660510,s_824128,"2017/8/26 16:20",122.3466,31.834839,m_690
u_660510,s_1217813,"2017/8/26 17:00",122.346688,31.834819,m_690
u_670259,s_633878,"2017/8/26 19:40",122.347434,31.833775,m_690
u_703302,s_3840220,"2017/8/26 18:30",122.346664,31.834744,m_690
u_793271,s_68741,"2017/8/26 14:40",122.346801,31.83375,m_690
u_793576,s_767494,"2017/8/26 11:10",122.347234,31.834167,m_690
u_992690,s_430552,"2017/8/26 13:40",122.347105,31.834853,m_690
u_1486458,s_2258,"2017/8/26 14:40",122.346193,31.834358,m_690
u_1486458,s_2258,"2017/8/26 14:50",122.346583,31.834399,m_690
u_1486458,s_3911669,"2017/8/26 15:50",122.347017,31.833708,m_690
u_1739748,s_511059,"2017/8/26 19:20",122.346472,31.834408,m_690
u_1764994,s_304431,"2017/8/26 14:40",122.346644,31.834929,m_690
u_2002907,s_416299,"2017/8/26 18:40",122.34801,31.835391,m_690
u_2458653,s_1228218,"2017/8/26 13:40",122.34637,31.834806,m_690
u_2458653,s_3840220,"2017/8/26 12:50",122.346374,31.83479,m_690
u_2687932,s_70432,"2017/8/26 17:30",122.347481,31.8337,m_690
u_3114509,s_3697,"2017/8/26 12:20",122.346467,31.834297,m_690
u_3114509,s_905564,"2017/8/26 19:00",122.347355,31.834008,m_690
u_3217244,s_824128,"2017/8/26 13:50",122.347104,31.835039,m_690
u_3217244,s_9147,"2017/8/26 15:40",122.346474,31.834232,m_690
u_3443552,s_3609851,"2017/8/26 12:10",122.34758,31.834189,m_690
u_3528353,s_3697,"2017/8/26 12:20",122.346467,31.834289,m_690
u_3750959,s_298312,"2017/8/26 20:50",122.34637,31.834723,m_690
u_4096954,s_26,"2017/8/26 18:30",122.34774,31.833792,m_690
u_4744935,s_298312,"2017/8/26 12:10",122.346658,31.83475,m_690
u_5200676,s_70697,"2017/8/26 14:00",122.346433,31.834038,m_690
u_5376032,s_9147,"2017/8/26 13:30",122.346541,31.834244,m_690
u_5425128,s_5947,"2017/8/26 17:40",122.347346,31.833674,m_690
u_5470689,s_704259,"2017/8/26 15:10",122.346103,31.834429,m_690
u_5827922,s_1910011,"2017/8/26 17:20",122.346663,31.834235,m_690
u_5827922,s_149642,"2017/8/26 17:30",122.34686,31.834499,m_690
u_5869960,s_266675,"2017/8/26 16:20",122.346658,31.83475,m_690
u_6173873,s_9147,"2017/8/26 10:30",122.346506,31.834215,m_690
u_6727696,s_1946001,"2017/8/26 18:10",122.347272,31.83495,m_690
u_7056584,s_16473,"2017/8/26 17:00",122.346655,31.833537,m_690
u_7476716,s_240723,"2017/8/26 12:00",122.347284,31.83367,m_690
u_7611659,s_149642,"2017/8/26 18:20",122.346948,31.834532,m_690
u_8862879,s_704259,"2017/8/26 14:20",122.346228,31.833975,m_690
u_10793242,s_824128,"2017/8/26 16:00",122.346713,31.83488,m_690
u_11203085,s_287617,"2017/8/26 20:50",122.346468,31.834284,m_690
u_11223197,s_432564,"2017/8/26 21:20",122.347219,31.834795,m_690
u_11251558,s_3836242,"2017/8/26 16:40",122.347664,31.835443,m_690
u_11317351,s_3992938,"2017/8/26 19:30",122.346611,31.83414,m_690
u_11811976,s_287617,"2017/8/26 14:30",122.346467,31.834288,m_690
u_11811976,s_304431,"2017/8/26 13:50",122.346152,31.835142,m_690
u_11887800,s_2265,"2017/8/26 19:20",122.34627,31.834709,m_690
u_11920265,s_70697,"2017/8/26 14:10",122.346431,31.834038,m_690
u_12443972,s_149642,"2017/8/26 8:00",122.346783,31.834462,m_690
u_12506305,s_304431,"2017/8/26 12:40",122.346235,31.835062,m_690
u_12931780,s_633878,"2017/8/26 12:20",122.347413,31.833787,m_690
u_13332925,s_287617,"2017/8/26 14:50",122.346467,31.834295,m_690
u_13590123,s_767494,"2017/8/26 14:50",122.347206,31.833996,m_690
u_13590123,s_16473,"2017/8/26 12:30",122.346672,31.833545,m_690
u_13745206,s_3836242,"2017/8/26 16:10",122.347686,31.835479,m_690
u_13745206,s_240723,"2017/8/26 19:20",122.347357,31.833683,m_690
u_14234332,s_3697,"2017/8/26 12:50",122.346482,31.834401,m_690
u_14624746,s_9147,"2017/8/26 7:40",122.346559,31.834201,m_690
u_16130685,s_70432,"2017/8/26 15:10",122.347501,31.833719,m_690
u_16665527,s_3946132,"2017/8/26 19:40",122.346787,31.834946,m_690
u_16768515,s_3836242,"2017/8/26 12:10",122.347977,31.835362,m_690
u_17525025,s_211875,"2017/8/26 13:40",122.347278,31.834894,m_690
u_18540681,s_3875945,"2017/8/26 13:10",122.346245,31.833912,m_690
u_18548488,s_455479,"2017/8/26 13:10",122.346244,31.833955,m_690
u_18800188,s_44188,"2017/8/26 15:00",122.346519,31.834654,m_690
u_18800188,s_217698,"2017/8/26 14:40",122.346545,31.834187,m_690
u_18800188,s_266675,"2017/8/26 11:00",122.346406,31.83483,m_690
u_19081855,s_149642,"2017/8/26 19:30",122.346947,31.834565,m_690
u_19177982,s_824128,"2017/8/26 17:30",122.346699,31.83484,m_690
u_19375050,s_298312,"2017/8/26 17:30",122.346099,31.834866,m_690
u_19417988,s_2265,"2017/8/26 19:40",122.346367,31.834718,m_690
u_19802012,s_905564,"2017/8/26 13:00",122.347315,31.833939,m_690
u_20837369,s_5947,"2017/8/26 12:30",122.347382,31.833682,m_690
u_21827163,s_149642,"2017/8/26 7:20",122.346932,31.834643,m_690
u_21847338,s_3345001,"2017/8/26 11:50",122.347045,31.835347,m_690
u_23017350,s_2258,"2017/8/26 19:00",122.346126,31.834069,m_690
u_23452911,s_532828,"2017/8/26 12:30",122.346717,31.83499,m_690
u_24959773,s_1848170,"2017/8/26 15:20",122.346528,31.833658,m_690
u_25052901,s_1425466,"2017/8/26 18:00",122.346182,31.834377,m_690
u_25078841,s_200652,"2017/8/26 13:30",122.346487,31.834395,m_690
u_25588560,s_3697,"2017/8/26 12:00",122.346466,31.834306,m_690
u_25588560,s_1228218,"2017/8/26 12:40",122.346887,31.834814,m_690
u_26661063,s_3836242,"2017/8/26 20:40",122.347932,31.83537,m_690
u_26759557,s_389825,"2017/8/26 13:40",122.347007,31.834814,m_690
u_26884026,s_287617,"2017/8/26 20:50",122.346467,31.834294,m_690
u_26884026,s_467203,"2017/8/26 20:50",122.346469,31.834279,m_690
u_28045397,s_3345001,"2017/8/26 12:30",122.346934,31.834816,m_690
u_28106131,s_9147,"2017/8/26 10:40",122.346541,31.834244,m_690
u_28297606,s_211875,"2017/8/26 11:50",122.347272,31.83495,m_690
u_29286832,s_645725,"2017/8/26 12:20",122.346273,31.834722,m_690
u_29651059,s_304431,"2017/8/26 12:10",122.346217,31.835056,m_690
u_30328053,s_149642,"2017/8/26 20:10",122.346958,31.834528,m_690
u_30342714,s_3737251,"2017/8/26 13:10",122.346679,31.834375,m_690
u_32500645,s_3697,"2017/8/26 19:50",122.346479,31.834394,m_690
u_32781536,s_3697,"2017/8/26 15:00",122.346469,31.834334,m_690
u_32781536,s_149642,"2017/8/26 15:50",122.346919,31.834605,m_690
u_32842191,s_645725,"2017/8/26 12:30",122.346659,31.834754,m_690
u_33454673,s_16473,"2017/8/26 11:00",122.34666,31.83354,m_690
u_33786375,s_1425466,"2017/8/26 15:10",122.346347,31.834799,m_690
u_33786375,s_3697,"2017/8/26 15:00",122.346469,31.834338,m_690
u_33892465,s_287617,"2017/8/26 13:50",122.346468,31.834294,m_690
u_33892465,s_298312,"2017/8/26 13:50",122.346671,31.83476,m_690
u_33937862,s_850768,"2017/8/26 19:30",122.347861,31.833655,m_690
u_34210007,s_464962,"2017/8/26 17:00",122.346163,31.834669,m_690
u_34302129,s_1138950,"2017/8/26 19:10",122.347757,31.833908,m_690
u_34330542,s_3836242,"2017/8/26 10:50",122.347647,31.835413,m_690
u_34594651,s_75184,"2017/8/26 18:30",122.346514,31.83442,m_690
u_34711105,s_3836242,"2017/8/26 21:30",122.347977,31.835362,m_690
u_34825965,s_824128,"2017/8/26 13:10",122.346725,31.834971,m_690
u_35357923,s_44188,"2017/8/26 13:50",122.346682,31.834377,m_690
u_35421022,s_334595,"2017/8/26 16:00",122.34668,31.834815,m_690
u_36889429,s_221357,"2017/8/26 19:10",122.346722,31.833989,m_690
u_36948448,s_3697,"2017/8/26 12:30",122.346477,31.834384,m_690
u_37060229,s_43301,"2017/8/26 19:20",122.347233,31.834153,m_690
u_37193705,s_211875,"2017/8/26 17:20",122.347276,31.834867,m_690
u_37966586,s_304431,"2017/8/26 22:10",122.346717,31.83495,m_690
u_37972669,s_5947,"2017/8/26 20:00",122.347368,31.833677,m_690
u_39072735,s_2258,"2017/8/26 20:20",122.346564,31.834406,m_690
u_39465062,s_3836242,"2017/8/26 21:40",122.347658,31.8354,m_690
u_39478021,s_149642,"2017/8/26 9:30",122.346543,31.83423,m_690
u_39503033,s_200652,"2017/8/26 19:30",122.346474,31.83441,m_690
u_39580743,s_486541,"2017/8/26 13:50",122.346889,31.834994,m_690
u_39659769,s_824128,"2017/8/26 10:00",122.346692,31.834905,m_690
u_39919276,s_221357,"2017/8/26 10:20",122.347038,31.834148,m_690
u_39919276,s_796974,"2017/8/26 12:10",122.347112,31.834859,m_690
u_40289124,s_824128,"2017/8/26 15:50",122.346802,31.834994,m_690
u_40310549,s_3221,"2017/8/26 14:00",122.346978,31.833712,m_690
u_40437199,s_394554,"2017/8/26 17:40",122.346678,31.834848,m_690
u_40678022,s_430552,"2017/8/26 19:30",122.347084,31.834854,m_690
u_40855141,s_1587,"2017/8/26 17:40",122.346964,31.834849,m_690
u_41711469,s_824128,"2017/8/26 18:00",122.346794,31.835127,m_690
u_42028263,s_287617,"2017/8/26 11:00",122.346468,31.834288,m_690
u_42756978,s_491151,"2017/8/26 14:30",122.347366,31.834565,m_690
u_43013850,s_82862,"2017/8/26 12:30",122.346713,31.834962,m_690
u_43342025,s_70432,"2017/8/26 14:30",122.347503,31.833716,m_690
u_43418619,s_3911669,"2017/8/26 17:20",122.346816,31.833591,m_690
u_43809772,s_3875945,"2017/8/26 18:20",122.346222,31.834032,m_690
u_44038530,s_455479,"2017/8/26 13:20",122.346152,31.834069,m_690
u_44340605,s_824128,"2017/8/26 13:30",122.346869,31.83482,m_690
u_44411066,s_149642,"2017/8/26 12:10",122.34696,31.834527,m_690
u_44461143,s_3806668,"2017/8/26 14:20",122.346466,31.833777,m_690
u_44598383,s_9147,"2017/8/26 14:30",122.346536,31.834186,m_690
u_44978847,s_221357,"2017/8/26 16:10",122.346707,31.834378,m_690
u_44978847,s_3708022,"2017/8/26 19:00",122.347682,31.83371,m_690
u_45186029,s_1217813,"2017/8/26 20:30",122.347083,31.834998,m_690
u_45691531,s_334595,"2017/8/26 13:30",122.346685,31.834819,m_690
u_46039027,s_555720,"2017/8/26 20:50",122.346669,31.834361,m_690
u_46044725,s_3911669,"2017/8/26 18:00",122.346655,31.833625,m_690
u_46402875,s_3911669,"2017/8/26 16:00",122.346899,31.833617,m_690
u_47387639,s_9147,"2017/8/26 8:10",122.346547,31.834222,m_690
u_47570415,s_1756,"2017/8/26 15:40",122.34667,31.833548,m_690
u_47570488,s_298312,"2017/8/26 16:00",122.34634,31.834794,m_690
u_48075592,s_304431,"2017/8/26 21:30",122.34616,31.835039,m_690
u_48325751,s_2258,"2017/8/26 19:30",122.346339,31.834734,m_690
u_48354086,s_3875945,"2017/8/26 13:40",122.346432,31.833751,m_690
u_49711366,s_824128,"2017/8/26 19:50",122.347036,31.834911,m_690
u_49832051,s_824128,"2017/8/26 12:20",122.346692,31.834905,m_690
u_49841102,s_1587,"2017/8/26 21:00",122.347128,31.834868,m_690
u_50133930,s_455479,"2017/8/26 18:40",122.346161,31.834042,m_690
u_51006225,s_57280,"2017/8/26 13:20",122.346665,31.833549,m_690
u_51139704,s_532828,"2017/8/26 19:00",122.346928,31.834828,m_690
u_51476058,s_3836242,"2017/8/26 20:30",122.347666,31.835431,m_690
u_51993879,s_3992938,"2017/8/26 15:40",122.346818,31.834474,m_690
u_52176240,s_240723,"2017/8/26 12:00",122.347277,31.833665,m_690
u_52245448,s_5947,"2017/8/26 18:10",122.347335,31.833677,m_690
u_52474313,s_741330,"2017/8/26 15:50",122.346898,31.834989,m_690
u_52510839,s_389825,"2017/8/26 10:20",122.346721,31.834462,m_690
u_52578276,s_3806668,"2017/8/26 17:50",122.346456,31.833809,m_690
u_53203874,s_287617,"2017/8/26 13:00",122.346469,31.834281,m_690
u_53710552,s_3792037,"2017/8/26 13:00",122.347113,31.833719,m_690
u_54076606,s_149642,"2017/8/26 15:10",122.346959,31.834528,m_690
u_54290877,s_3697,"2017/8/26 11:20",122.346468,31.834324,m_690
u_54860989,s_149642,"2017/8/26 12:10",122.346948,31.83457,m_690
u_54936120,s_149642,"2017/8/26 12:30",122.34694,31.834563,m_690
u_54979300,s_3697,"2017/8/26 13:20",122.34648,31.834393,m_690
u_55178272,s_824128,"2017/8/26 18:50",122.346733,31.83491,m_690
u_55523393,s_2265,"2017/8/26 15:50",122.346266,31.834713,m_690
u_55523393,s_1587,"2017/8/26 14:30",122.346965,31.834852,m_690
u_55645955,s_149642,"2017/8/26 18:00",122.346995,31.834785,m_690
u_56084201,s_555720,"2017/8/26 14:20",122.346461,31.834285,m_690
u_56084201,s_266675,"2017/8/26 16:40",122.346277,31.834724,m_690
u_56169125,s_1719280,"2017/8/26 19:50",122.34708,31.835022,m_690
u_56292390,s_44188,"2017/8/26 13:10",122.347099,31.83394,m_690
u_56371899,s_162065,"2017/8/26 15:10",122.347609,31.834122,m_690
u_56407870,s_3578421,"2017/8/26 14:20",122.347463,31.83373,m_690
u_56535025,s_698115,"2017/8/26 16:30",122.346112,31.834379,m_690
u_57187267,s_2833968,"2017/8/26 14:10",122.347241,31.835024,m_690
u_57187267,s_149642,"2017/8/26 14:20",122.346937,31.83458,m_690
u_57571612,s_149642,"2017/8/26 18:00",122.347027,31.834814,m_690
u_57571612,s_1228218,"2017/8/26 18:20",122.34666,31.834904,m_690
u_57571612,s_555720,"2017/8/26 21:30",122.346646,31.834359,m_690
u_58701795,s_149642,"2017/8/26 18:40",122.346935,31.834558,m_690
u_59346548,s_3806668,"2017/8/26 18:50",122.34631,31.833916,m_690
u_59791127,s_390302,"2017/8/26 19:10",122.34634,31.834794,m_690
u_59791127,s_287617,"2017/8/26 18:40",122.346468,31.834282,m_690
u_59791127,s_266675,"2017/8/26 18:00",122.346664,31.834744,m_690
u_59845711,s_3221,"2017/8/26 20:10",122.346957,31.833704,m_690
u_59975273,s_211875,"2017/8/26 12:50",122.347148,31.835167,m_690
u_60098405,s_1719280,"2017/8/26 18:20",122.347128,31.835083,m_690
u_60631346,s_3031268,"2017/8/26 14:10",122.346974,31.834772,m_690
u_60899028,s_3345001,"2017/8/26 14:00",122.347013,31.834949,m_690
u_60899028,s_221357,"2017/8/26 14:30",122.346467,31.834438,m_690
u_61096045,s_2258,"2017/8/26 14:20",122.346339,31.834785,m_690
u_61096045,s_44188,"2017/8/26 17:30",122.346557,31.834203,m_690
u_61096045,s_704259,"2017/8/26 14:40",122.346097,31.834337,m_690
u_61096045,s_217698,"2017/8/26 17:30",122.346555,31.83416,m_690
u_61686442,s_298312,"2017/8/26 13:50",122.346381,31.834793,m_690
u_61686442,s_1091614,"2017/8/26 17:50",122.346519,31.834175,m_690
u_61812982,s_267330,"2017/8/26 13:30",122.346602,31.834936,m_690
u_62305984,s_3992938,"2017/8/26 14:40",122.346642,31.834234,m_690
u_63816018,s_464962,"2017/8/26 18:10",122.346196,31.83489,m_690
u_123723,s_3221,"2017/8/26 18:40",122.346962,31.833699,m_690
u_134570,s_4000963,"2017/8/26 20:00",122.346732,31.833997,m_690
u_161799,s_287617,"2017/8/26 11:10",122.346477,31.834254,m_690
u_190004,s_3806668,"2017/8/26 13:50",122.346417,31.833807,m_690
u_190004,s_3806668,"2017/8/26 13:50",122.346474,31.833842,m_690
u_190004,s_3806668,"2017/8/26 13:50",122.346417,31.833807,m_690
u_190004,s_3806668,"2017/8/26 13:50",122.346474,31.833842,m_690
u_217548,s_767494,"2017/8/26 20:10",122.347335,31.833838,m_690
u_263721,s_149642,"2017/8/26 10:10",122.346959,31.834527,m_690
u_310097,s_53708,"2017/8/26 19:30",122.346507,31.834409,m_690
u_325590,s_471236,"2017/8/26 11:50",122.346536,31.834923,m_690
u_389600,s_767494,"2017/8/26 13:30",122.347309,31.833839,m_690
u_574750,s_517730,"2017/8/26 11:50",122.346894,31.833809,m_690
u_574750,s_517730,"2017/8/26 11:30",122.346892,31.8338,m_690
u_574750,s_767494,"2017/8/26 12:10",122.347383,31.833843,m_690
u_641392,s_3806668,"2017/8/26 12:40",122.346453,31.833784,m_690
u_723933,s_149642,"2017/8/26 19:50",122.346958,31.834528,m_690
u_732126,s_471236,"2017/8/26 13:40",122.346526,31.83492,m_690
u_847987,s_2833968,"2017/8/26 13:20",122.347135,31.835175,m_690
u_918650,s_2833968,"2017/8/26 13:20",122.347239,31.83503,m_690
u_1042623,s_2789464,"2017/8/26 18:50",122.346795,31.834461,m_690
u_1309554,s_389825,"2017/8/26 16:10",122.346515,31.834432,m_690
u_1469727,s_200652,"2017/8/26 15:10",122.346582,31.834396,m_690
u_1469727,s_3697,"2017/8/26 15:40",122.346471,31.834345,m_690
u_1617886,s_3836242,"2017/8/26 14:40",122.347644,31.835418,m_690
u_1707075,s_152386,"2017/8/26 13:00",122.345878,31.834762,m_690
u_1845769,s_3806668,"2017/8/26 20:00",122.346426,31.833815,m_690
u_1987337,s_287617,"2017/8/26 11:40",122.346467,31.834288,m_690
u_2111974,s_304431,"2017/8/26 15:30",122.346171,31.835134,m_690
u_2314704,s_43301,"2017/8/26 16:30",122.347518,31.833912,m_690
u_2561451,s_389825,"2017/8/26 17:50",122.346595,31.834227,m_690
u_2584853,s_75184,"2017/8/26 18:50",122.346488,31.834422,m_690
u_3153135,s_796974,"2017/8/26 20:40",122.346956,31.834848,m_690
u_3561349,s_3609851,"2017/8/26 18:20",122.347535,31.834151,m_690
u_3571316,s_3975589,"2017/8/26 21:00",122.347223,31.83419,m_690
u_3869096,s_633878,"2017/8/26 20:00",122.347432,31.833772,m_690
u_3869096,s_149642,"2017/8/26 19:10",122.346715,31.834451,m_690
u_4103719,s_287617,"2017/8/26 13:30",122.346471,31.834274,m_690
u_5885939,s_131895,"2017/8/26 18:00",122.346884,31.833759,m_690
u_6041538,s_3992938,"2017/8/26 14:50",122.346648,31.834244,m_690
u_6323706,s_149642,"2017/8/26 13:30",122.34684,31.834494,m_690
u_6344138,s_3345001,"2017/8/26 14:40",122.346689,31.834954,m_690
u_7095336,s_3975589,"2017/8/26 16:00",122.346977,31.834019,m_690
u_7205789,s_287617,"2017/8/26 13:40",122.34647,31.834277,m_690
u_7242416,s_389825,"2017/8/26 18:10",122.346914,31.834599,m_690
u_9373272,s_221357,"2017/8/26 17:40",122.346894,31.834133,m_690
u_10313553,s_75184,"2017/8/26 17:50",122.346221,31.83458,m_690
u_11128948,s_149642,"2017/8/26 11:40",122.346942,31.834566,m_690
u_11151876,s_16473,"2017/8/26 14:20",122.346656,31.833534,m_690
u_11459573,s_4015771,"2017/8/26 16:40",122.346335,31.834454,m_690
u_11502368,s_75184,"2017/8/26 11:50",122.346485,31.834423,m_690
u_11555878,s_221357,"2017/8/26 21:20",122.346526,31.834416,m_690
u_11839317,s_2265,"2017/8/26 13:40",122.346235,31.834581,m_690
u_11917721,s_3875945,"2017/8/26 18:10",122.346358,31.834055,m_690
u_11958082,s_532828,"2017/8/26 16:30",122.346634,31.834896,m_690
u_11958082,s_532828,"2017/8/26 16:30",122.34637,31.834806,m_690
u_12092218,s_1910011,"2017/8/26 18:00",122.346813,31.834445,m_690
u_12232285,s_82862,"2017/8/26 18:00",122.346709,31.834964,m_690
u_12232285,s_2833968,"2017/8/26 17:40",122.347241,31.835024,m_690
u_12259145,s_43301,"2017/8/26 12:00",122.347233,31.833837,m_690
u_12372642,s_389825,"2017/8/26 16:20",122.346611,31.83414,m_690
u_13710236,s_217698,"2017/8/26 13:10",122.346521,31.834212,m_690
u_14571411,s_432564,"2017/8/26 13:50",122.3474,31.834517,m_690
u_14592222,s_544982,"2017/8/26 18:10",122.346699,31.83484,m_690
u_17173511,s_555720,"2017/8/26 17:00",122.346521,31.834419,m_690
u_17379874,s_741330,"2017/8/26 17:10",122.346914,31.834985,m_690
u_17379874,s_1425466,"2017/8/26 17:30",122.346099,31.834867,m_690
u_18287268,s_217698,"2017/8/26 12:30",122.346539,31.834159,m_690
u_18524130,s_532828,"2017/8/26 16:50",122.346277,31.834724,m_690
u_18531196,s_3946132,"2017/8/26 21:10",122.346807,31.834946,m_690
u_19038027,s_824128,"2017/8/26 18:30",122.347104,31.835039,m_690
u_19542934,s_3836242,"2017/8/26 12:50",122.347646,31.835439,m_690
u_19730217,s_1719280,"2017/8/26 15:10",122.347409,31.835147,m_690
u_19852576,s_471236,"2017/8/26 19:20",122.346691,31.834914,m_690
u_20318719,s_3345001,"2017/8/26 17:20",122.347013,31.834949,m_690
u_20318719,s_532828,"2017/8/26 17:20",122.346952,31.834828,m_690
u_20343652,s_68741,"2017/8/26 20:10",122.346798,31.833726,m_690
u_20401576,s_3737251,"2017/8/26 15:20",122.346756,31.834386,m_690
u_21169542,s_501869,"2017/8/26 15:00",122.346686,31.834864,m_690
u_21169542,s_698115,"2017/8/26 15:20",122.346127,31.834396,m_690
u_21611113,s_1425466,"2017/8/26 17:30",122.346347,31.834799,m_690
u_22253280,s_304431,"2017/8/26 19:30",122.346241,31.834908,m_690
u_22883240,s_162065,"2017/8/26 19:40",122.347696,31.833733,m_690
u_23392472,s_824128,"2017/8/26 8:10",122.346721,31.834986,m_690
u_24653895,s_16473,"2017/8/26 17:20",122.346653,31.833533,m_690
u_24653895,s_633878,"2017/8/26 17:50",122.347429,31.833774,m_690
u_25334223,s_824128,"2017/8/26 11:30",122.3466,31.834839,m_690
u_25474880,s_3221,"2017/8/26 20:10",122.34699,31.833701,m_690
u_25645746,s_405021,"2017/8/26 18:00",122.346343,31.834886,m_690
u_25841245,s_298312,"2017/8/26 19:00",122.346658,31.83475,m_690
u_25847122,s_3609851,"2017/8/26 12:50",122.347497,31.833888,m_690
u_27623451,s_3031268,"2017/8/26 16:50",122.347009,31.834969,m_690
u_27917953,s_1425466,"2017/8/26 21:30",122.346299,31.834748,m_690
u_27981390,s_3806668,"2017/8/26 19:20",122.346317,31.833909,m_690
u_28086454,s_1425466,"2017/8/26 11:40",122.346234,31.834521,m_690
u_28086454,s_824128,"2017/8/26 11:10",122.346667,31.834732,m_690
u_28717521,s_43301,"2017/8/26 11:30",122.347234,31.834167,m_690
u_28762430,s_405021,"2017/8/26 18:10",122.346267,31.834696,m_690
u_29082474,s_1850655,"2017/8/26 15:20",122.346126,31.834069,m_690
u_29478042,s_3911669,"2017/8/26 19:10",122.347118,31.833804,m_690
u_29478042,s_3911669,"2017/8/26 19:30",122.346904,31.833634,m_690
u_29478042,s_3840220,"2017/8/26 12:30",122.346347,31.834838,m_690
u_29585436,s_3345001,"2017/8/26 17:30",122.347013,31.834949,m_690
u_29585436,s_3345001,"2017/8/26 18:00",122.346984,31.834933,m_690
u_31907722,s_149642,"2017/8/26 20:10",122.346601,31.834151,m_690
u_32299887,s_3221,"2017/8/26 18:00",122.347007,31.833713,m_690
u_32411972,s_298312,"2017/8/26 12:40",122.346666,31.834956,m_690
u_32411972,s_298312,"2017/8/26 12:50",122.346678,31.834848,m_690
u_32928017,s_1228218,"2017/8/26 17:50",122.346934,31.834816,m_690
u_33276534,s_645725,"2017/8/26 11:20",122.347013,31.834949,m_690
u_33424116,s_266675,"2017/8/26 15:00",122.346664,31.834744,m_690
u_33506568,s_2258,"2017/8/26 18:40",122.346126,31.834069,m_690
u_33507065,s_44188,"2017/8/26 16:20",122.346792,31.834278,m_690
u_34065166,s_3836242,"2017/8/26 16:00",122.347655,31.835422,m_690
u_34065166,s_3836242,"2017/8/26 16:00",122.347655,31.835422,m_690
u_34244728,s_824128,"2017/8/26 20:20",122.346699,31.83484,m_690
u_34613802,s_645725,"2017/8/26 11:30",122.346672,31.834905,m_690
u_34776875,s_4044487,"2017/8/26 15:30",122.348202,31.835535,m_690
u_35067130,s_796974,"2017/8/26 20:30",122.346953,31.834873,m_690
u_35275550,s_304431,"2017/8/26 12:30",122.346727,31.834902,m_690
u_35745262,s_287617,"2017/8/26 16:40",122.346467,31.834293,m_690
u_35992735,s_824128,"2017/8/26 17:40",122.347084,31.835029,m_690
u_36361322,s_824128,"2017/8/26 15:50",122.347094,31.835105,m_690
